﻿[
    {
        "Cif": "160817211600019",
        "SoID": "024832165",
        "LoaiID": 1,
        "TenKhachHang": "test1",
        "NgaySinh": "23/04/1981",
        "GioiTinh": 0,
        "SoDienThoaiDangKyDichVu": "01264604229",
        "DiaChi": "Addr test1",
        "DiaChiKiemSoatTruyCap": "Không thu thập được ",
        "MaSoNhanDangThietBiDiDong": "Không thu thập được ",
        "SoTaiKhoan": "132201100000031",
        "LoaiTaiKhoan": 1,
        "TrangThaiHoatDongTaiKhoan": 1,
        "NgayMoTaiKhoan": "30/08/2016",
        "PhuongThucMoTaiKhoan": 1,
        "NgayXacThucTaiQuay": "30/08/2016",
        "QuocTich": "Việt Nam"
    },
    {
        "Cif": "540101111800006",
        "SoID": "385353065",
        "LoaiID": 1,
        "TenKhachHang": "test2",
        "NgaySinh": "01/01/1954",
        "GioiTinh": 0,
        "MaSoThue": 8234631220,
        "SoDienThoaiDangKyDichVu": "01203703963",
        "DiaChi": "Addr test2",
        "DiaChiKiemSoatTruyCap": "Không thu thập được ",
        "MaSoNhanDangThietBiDiDong": "Không thu thập được ",
        "SoTaiKhoan": "132201201000149",
        "LoaiTaiKhoan": 2,
        "TrangThaiHoatDongTaiKhoan": 1,
        "NgayMoTaiKhoan": "02/02/2018",
        "PhuongThucMoTaiKhoan": 1,
        "NgayXacThucTaiQuay": "02/02/2018",
        "QuocTich": "Việt Nam"
    },
    {
        "Cif": "590610111600017",
        "SoID": "023785620",
        "LoaiID": 1,
        "TenKhachHang": "test3",
        "NgaySinh": "10/06/1959",
        "GioiTinh": 1,
        "MaSoThue": 8006458834,
        "SoDienThoaiDangKyDichVu": "0903809454",
        "DiaChi": "Addr test3",
        "DiaChiKiemSoatTruyCap": "Không thu thập được ",
        "MaSoNhanDangThietBiDiDong": "Không thu thập được ",
        "SoTaiKhoan": "132201201000024",
        "LoaiTaiKhoan": 2,
        "TrangThaiHoatDongTaiKhoan": 1,
        "NgayMoTaiKhoan": "30/08/2016",
        "PhuongThucMoTaiKhoan": 1,
        "NgayXacThucTaiQuay": "30/08/2016",
        "QuocTich": "Việt Nam"
    },
    {
        "Cif": "610827211700014",
        "SoID": "020309851",
        "LoaiID": 1,
        "TenKhachHang": "test4",
        "NgaySinh": "27/08/1961",
        "GioiTinh": 0,
        "MaSoThue": 8003736995,
        "SoDienThoaiDangKyDichVu": "0903334865",
        "DiaChi": "Addr test4",
        "DiaChiKiemSoatTruyCap": "Không thu thập được ",
        "MaSoNhanDangThietBiDiDong": "Không thu thập được ",
        "SoTaiKhoan": "132201201000138",
        "LoaiTaiKhoan": 2,
        "TrangThaiHoatDongTaiKhoan": 1,
        "NgayMoTaiKhoan": "10/10/2017",
        "PhuongThucMoTaiKhoan": 1,
        "NgayXacThucTaiQuay": "10/10/2017",
        "QuocTich": "Việt Nam"
    },
    {
        "Cif": "680101211700010",
        "SoID": "362338973",
        "LoaiID": 1,
        "TenKhachHang": "test5",
        "NgaySinh": "01/01/1968",
        "GioiTinh": 0,
        "SoDienThoaiDangKyDichVu": "01684060090",
        "DiaChi": "Addr test5",
        "DiaChiKiemSoatTruyCap": "Không thu thập được ",
        "MaSoNhanDangThietBiDiDong": "Không thu thập được ",
        "SoTaiKhoan": "132201100000115",
        "LoaiTaiKhoan": 1,
        "TrangThaiHoatDongTaiKhoan": 1,
        "NgayMoTaiKhoan": "15/06/2017",
        "PhuongThucMoTaiKhoan": 1,
        "NgayXacThucTaiQuay": "15/06/2017",
        "QuocTich": "Việt Nam"
    },
    {
        "Cif": "680101211700010",
        "SoID": "362338973",
        "LoaiID": 1,
        "TenKhachHang": "test6",
        "NgaySinh": "01/01/1968",
        "GioiTinh": 0,
        "SoDienThoaiDangKyDichVu": "01684060090",
        "DiaChi": "Addr test6",
        "DiaChiKiemSoatTruyCap": "Không thu thập được ",
        "MaSoNhanDangThietBiDiDong": "Không thu thập được ",
        "SoTaiKhoan": "132201201000128",
        "LoaiTaiKhoan": 2,
        "TrangThaiHoatDongTaiKhoan": 1,
        "NgayMoTaiKhoan": "15/06/2017",
        "PhuongThucMoTaiKhoan": 1,
        "NgayXacThucTaiQuay": "15/06/2017",
        "QuocTich": "Việt Nam"
    },
    {
        "Cif": "690228212000009",
        "SoID": "273447057",
        "LoaiID": 1,
        "TenKhachHang": "test7",
        "NgaySinh": "28/02/1969",
        "GioiTinh": 0,
        "MaSoThue": 8199679474,
        "SoDienThoaiDangKyDichVu": "0907181888",
        "DiaChi": "Addr test7",
        "DiaChiKiemSoatTruyCap": "Không thu thập được ",
        "MaSoNhanDangThietBiDiDong": "Không thu thập được ",
        "SoTaiKhoan": "132201100000220",
        "LoaiTaiKhoan": 1,
        "TrangThaiHoatDongTaiKhoan": 1,
        "NgayMoTaiKhoan": "23/12/2020",
        "PhuongThucMoTaiKhoan": 1,
        "NgayXacThucTaiQuay": "23/12/2020",
        "QuocTich": "Việt Nam"
    },
    {
        "Cif": "700418111900051",
        "SoID": "022273037",
        "LoaiID": 1,
        "TenKhachHang": "test8",
        "NgaySinh": "18/04/1970",
        "GioiTinh": 1,
        "MaSoThue": 8005186553,
        "SoDienThoaiDangKyDichVu": "0903923674",
        "DiaChi": "Addr test8",
        "DiaChiKiemSoatTruyCap": "Không thu thập được ",
        "MaSoNhanDangThietBiDiDong": "Không thu thập được ",
        "SoTaiKhoan": "132201100000189",
        "LoaiTaiKhoan": 1,
        "TrangThaiHoatDongTaiKhoan": 1,
        "NgayMoTaiKhoan": "09/10/2019",
        "PhuongThucMoTaiKhoan": 1,
        "NgayXacThucTaiQuay": "09/10/2019",
        "QuocTich": "Việt Nam"
    },
    {
        "Cif": "700418111900051",
        "SoID": "022273037",
        "LoaiID": 1,
        "TenKhachHang": "test9",
        "NgaySinh": "18/04/1970",
        "GioiTinh": 1,
        "MaSoThue": 8005186553,
        "SoDienThoaiDangKyDichVu": "0903923674",
        "DiaChi": "Addr test9",
        "DiaChiKiemSoatTruyCap": "Không thu thập được ",
        "MaSoNhanDangThietBiDiDong": "Không thu thập được ",
        "SoTaiKhoan": "132201201000231",
        "LoaiTaiKhoan": 2,
        "TrangThaiHoatDongTaiKhoan": 1,
        "NgayMoTaiKhoan": "09/10/2019",
        "PhuongThucMoTaiKhoan": 1,
        "NgayXacThucTaiQuay": "09/10/2019",
        "QuocTich": "Việt Nam"
    },
    {
        "Cif": "700810111900048",
        "SoID": "024507379",
        "LoaiID": 1,
        "TenKhachHang": "test10",
        "NgaySinh": "10/08/1970",
        "GioiTinh": 1,
        "SoDienThoaiDangKyDichVu": "0908388527",
        "DiaChi": "Addr test10",
        "DiaChiKiemSoatTruyCap": "Không thu thập được ",
        "MaSoNhanDangThietBiDiDong": "Không thu thập được ",
        "SoTaiKhoan": "132201100000190",
        "LoaiTaiKhoan": 1,
        "TrangThaiHoatDongTaiKhoan": 1,
        "NgayMoTaiKhoan": "18/10/2019",
        "PhuongThucMoTaiKhoan": 1,
        "NgayXacThucTaiQuay": "18/10/2019",
        "QuocTich": "Việt Nam"
    },
    {
        "Cif": "700810111900048",
        "SoID": "024507379",
        "LoaiID": 1,
        "TenKhachHang": "test11",
        "NgaySinh": "10/08/1970",
        "GioiTinh": 1,
        "SoDienThoaiDangKyDichVu": "0908388527",
        "DiaChi": "Addr test11",
        "DiaChiKiemSoatTruyCap": "Không thu thập được ",
        "MaSoNhanDangThietBiDiDong": "Không thu thập được ",
        "SoTaiKhoan": "132201201000232",
        "LoaiTaiKhoan": 2,
        "TrangThaiHoatDongTaiKhoan": 1,
        "NgayMoTaiKhoan": "18/10/2019",
        "PhuongThucMoTaiKhoan": 1,
        "NgayXacThucTaiQuay": "18/10/2019",
        "QuocTich": "Việt Nam"
    },
    {
        "Cif": "700908111600080",
        "SoID": "022676276",
        "LoaiID": 1,
        "TenKhachHang": "test12",
        "NgaySinh": "08/09/1970",
        "GioiTinh": 0,
        "SoDienThoaiDangKyDichVu": "0932166618",
        "DiaChi": "Addr test12",
        "DiaChiKiemSoatTruyCap": "Không thu thập được ",
        "MaSoNhanDangThietBiDiDong": "Không thu thập được ",
        "SoTaiKhoan": "132201100000077",
        "LoaiTaiKhoan": 1,
        "TrangThaiHoatDongTaiKhoan": 1,
        "NgayMoTaiKhoan": "21/11/2016",
        "PhuongThucMoTaiKhoan": 1,
        "NgayXacThucTaiQuay": "21/11/2016",
        "QuocTich": "Việt Nam"
    },
    {
        "Cif": "700908111600080",
        "SoID": "022676276",
        "LoaiID": 1,
        "TenKhachHang": "test13",
        "NgaySinh": "08/09/1970",
        "GioiTinh": 0,
        "SoDienThoaiDangKyDichVu": "0932166618",
        "DiaChi": "Addr test13",
        "DiaChiKiemSoatTruyCap": "Không thu thập được ",
        "MaSoNhanDangThietBiDiDong": "Không thu thập được ",
        "SoTaiKhoan": "132201201000076",
        "LoaiTaiKhoan": 2,
        "TrangThaiHoatDongTaiKhoan": 1,
        "NgayMoTaiKhoan": "21/11/2016",
        "PhuongThucMoTaiKhoan": 1,
        "NgayXacThucTaiQuay": "21/11/2016",
        "QuocTich": "Việt Nam"
    },
    {
        "Cif": "740107211600012",
        "SoID": "022766515",
        "LoaiID": 1,
        "TenKhachHang": "test14",
        "NgaySinh": "07/01/1974",
        "GioiTinh": 0,
        "SoDienThoaiDangKyDichVu": "0901187996",
        "DiaChi": "Addr test14",
        "DiaChiKiemSoatTruyCap": "Không thu thập được ",
        "MaSoNhanDangThietBiDiDong": "Không thu thập được ",
        "SoTaiKhoan": "132201100000020",
        "LoaiTaiKhoan": 1,
        "TrangThaiHoatDongTaiKhoan": 1,
        "NgayMoTaiKhoan": "26/08/2016",
        "PhuongThucMoTaiKhoan": 1,
        "NgayXacThucTaiQuay": "26/08/2016",
        "QuocTich": "Việt Nam"
    },
    {
        "Cif": "741118211600026",
        "SoID": "022702530",
        "LoaiID": 1,
        "TenKhachHang": "test15",
        "NgaySinh": "18/11/1974",
        "GioiTinh": 0,
        "MaSoThue": 8274366120,
        "SoDienThoaiDangKyDichVu": "0909840604",
        "DiaChi": "Addr test15",
        "DiaChiKiemSoatTruyCap": "Không thu thập được ",
        "MaSoNhanDangThietBiDiDong": "Không thu thập được ",
        "SoTaiKhoan": "132201201000064",
        "LoaiTaiKhoan": 2,
        "TrangThaiHoatDongTaiKhoan": 1,
        "NgayMoTaiKhoan": "20/10/2016",
        "PhuongThucMoTaiKhoan": 1,
        "NgayXacThucTaiQuay": "20/10/2016",
        "QuocTich": "Việt Nam"
    },
    {
        "Cif": "750501211900012",
        "SoID": "271539986",
        "LoaiID": 1,
        "TenKhachHang": "test16",
        "NgaySinh": "01/05/1975",
        "GioiTinh": 0,
        "MaSoThue": 8655069737,
        "SoDienThoaiDangKyDichVu": "0968584981",
        "DiaChi": "Addr test16",
        "DiaChiKiemSoatTruyCap": "Không thu thập được ",
        "MaSoNhanDangThietBiDiDong": "Không thu thập được ",
        "SoTaiKhoan": "132201100000194",
        "LoaiTaiKhoan": 1,
        "TrangThaiHoatDongTaiKhoan": 1,
        "NgayMoTaiKhoan": "21/11/2019",
        "PhuongThucMoTaiKhoan": 1,
        "NgayXacThucTaiQuay": "21/11/2019",
        "QuocTich": "Việt Nam"
    },
    {
        "Cif": "750501211900012",
        "SoID": "271539986",
        "LoaiID": 1,
        "TenKhachHang": "test17",
        "NgaySinh": "01/05/1975",
        "GioiTinh": 0,
        "MaSoThue": 8655069737,
        "SoDienThoaiDangKyDichVu": "0968584981",
        "DiaChi": "Addr test17",
        "DiaChiKiemSoatTruyCap": "Không thu thập được ",
        "MaSoNhanDangThietBiDiDong": "Không thu thập được ",
        "SoTaiKhoan": "132201201000236",
        "LoaiTaiKhoan": 2,
        "TrangThaiHoatDongTaiKhoan": 1,
        "NgayMoTaiKhoan": "21/11/2019",
        "PhuongThucMoTaiKhoan": 1,
        "NgayXacThucTaiQuay": "21/11/2019",
        "QuocTich": "Việt Nam"
    },
    {
        "Cif": "751228211600024",
        "SoID": "240607462",
        "LoaiID": 1,
        "TenKhachHang": "test18",
        "NgaySinh": "28/12/1975",
        "GioiTinh": 0,
        "SoDienThoaiDangKyDichVu": "0941623342",
        "DiaChi": "Addr test18",
        "DiaChiKiemSoatTruyCap": "Không thu thập được ",
        "MaSoNhanDangThietBiDiDong": "Không thu thập được ",
        "SoTaiKhoan": "132201100000056",
        "LoaiTaiKhoan": 1,
        "TrangThaiHoatDongTaiKhoan": 1,
        "NgayMoTaiKhoan": "05/10/2016",
        "PhuongThucMoTaiKhoan": 1,
        "NgayXacThucTaiQuay": "05/10/2016",
        "QuocTich": "Việt Nam"
    },
    {
        "Cif": "791128212000005",
        "SoID": "024634461",
        "LoaiID": 1,
        "TenKhachHang": "test19",
        "NgaySinh": "28/11/1979",
        "GioiTinh": 0,
        "MaSoThue": 8601064362,
        "SoDienThoaiDangKyDichVu": "0975560879",
        "DiaChi": "Addr test19",
        "DiaChiKiemSoatTruyCap": "Không thu thập được ",
        "MaSoNhanDangThietBiDiDong": "Không thu thập được ",
        "SoTaiKhoan": "132201100000210",
        "LoaiTaiKhoan": 1,
        "TrangThaiHoatDongTaiKhoan": 1,
        "NgayMoTaiKhoan": "11/09/2020",
        "PhuongThucMoTaiKhoan": 1,
        "NgayXacThucTaiQuay": "11/09/2020",
        "QuocTich": "Việt Nam"
    },
    {
        "Cif": "791128212000005",
        "SoID": "024634461",
        "LoaiID": 1,
        "TenKhachHang": "test20",
        "NgaySinh": "28/11/1979",
        "GioiTinh": 0,
        "MaSoThue": 8601064362,
        "SoDienThoaiDangKyDichVu": "0975560879",
        "DiaChi": "Addr test20",
        "DiaChiKiemSoatTruyCap": "Không thu thập được ",
        "MaSoNhanDangThietBiDiDong": "Không thu thập được ",
        "SoTaiKhoan": "132201201000251",
        "LoaiTaiKhoan": 2,
        "TrangThaiHoatDongTaiKhoan": 1,
        "NgayMoTaiKhoan": "11/09/2020",
        "PhuongThucMoTaiKhoan": 1,
        "NgayXacThucTaiQuay": "11/09/2020",
        "QuocTich": "Việt Nam"
    },
    {
        "Cif": "810914111700004",
        "SoID": "023699124",
        "LoaiID": 1,
        "TenKhachHang": "test21",
        "NgaySinh": "14/09/1981",
        "GioiTinh": 1,
        "MaSoThue": 2600620418,
        "SoDienThoaiDangKyDichVu": "0903141469",
        "DiaChi": "Addr test21",
        "DiaChiKiemSoatTruyCap": "Không thu thập được ",
        "MaSoNhanDangThietBiDiDong": "Không thu thập được ",
        "SoTaiKhoan": "132201100000099",
        "LoaiTaiKhoan": 1,
        "TrangThaiHoatDongTaiKhoan": 1,
        "NgayMoTaiKhoan": "03/02/2017",
        "PhuongThucMoTaiKhoan": 1,
        "NgayXacThucTaiQuay": "03/02/2017",
        "QuocTich": "Việt Nam"
    },
    {
        "Cif": "810914111700004",
        "SoID": "023699124",
        "LoaiID": 1,
        "TenKhachHang": "test22",
        "NgaySinh": "14/09/1981",
        "GioiTinh": 1,
        "MaSoThue": 2600620418,
        "SoDienThoaiDangKyDichVu": "0903141469",
        "DiaChi": "Addr test22",
        "DiaChiKiemSoatTruyCap": "Không thu thập được ",
        "MaSoNhanDangThietBiDiDong": "Không thu thập được ",
        "SoTaiKhoan": "132201201000107",
        "LoaiTaiKhoan": 2,
        "TrangThaiHoatDongTaiKhoan": 1,
        "NgayMoTaiKhoan": "03/02/2017",
        "PhuongThucMoTaiKhoan": 1,
        "NgayXacThucTaiQuay": "03/02/2017",
        "QuocTich": "Việt Nam"
    },
    {
        "Cif": "820330211700005",
        "SoID": "321084768",
        "LoaiID": 1,
        "TenKhachHang": "test23",
        "NgaySinh": "30/03/1982",
        "GioiTinh": 0,
        "SoDienThoaiDangKyDichVu": "0905354082",
        "DiaChi": "Addr test23",
        "DiaChiKiemSoatTruyCap": "Không thu thập được ",
        "MaSoNhanDangThietBiDiDong": "Không thu thập được ",
        "SoTaiKhoan": "132201100000102",
        "LoaiTaiKhoan": 1,
        "TrangThaiHoatDongTaiKhoan": 1,
        "NgayMoTaiKhoan": "09/02/2017",
        "PhuongThucMoTaiKhoan": 1,
        "NgayXacThucTaiQuay": "09/02/2017",
        "QuocTich": "Việt Nam"
    },
    {
        "Cif": "830925211600010",
        "SoID": "023745220",
        "LoaiID": 1,
        "TenKhachHang": "test24",
        "NgaySinh": "25/09/1983",
        "GioiTinh": 0,
        "MaSoThue": 8075456482,
        "SoDienThoaiDangKyDichVu": "0835540119",
        "DiaChi": "Addr test24",
        "DiaChiKiemSoatTruyCap": "Không thu thập được ",
        "MaSoNhanDangThietBiDiDong": "Không thu thập được ",
        "SoTaiKhoan": "132201100000012",
        "LoaiTaiKhoan": 1,
        "TrangThaiHoatDongTaiKhoan": 1,
        "NgayMoTaiKhoan": "24/08/2016",
        "PhuongThucMoTaiKhoan": 1,
        "NgayXacThucTaiQuay": "24/08/2016",
        "QuocTich": "Việt Nam"
    },
    {
        "Cif": "840515212100003",
        "SoID": "023995442",
        "LoaiID": 1,
        "TenKhachHang": "test25",
        "NgaySinh": "15/05/1984",
        "GioiTinh": 0,
        "SoDienThoaiDangKyDichVu": "0966872770",
        "DiaChi": "Addr test25",
        "DiaChiKiemSoatTruyCap": "Không thu thập được ",
        "MaSoNhanDangThietBiDiDong": "Không thu thập được ",
        "SoTaiKhoan": "132201100000227",
        "LoaiTaiKhoan": 1,
        "TrangThaiHoatDongTaiKhoan": 1,
        "NgayMoTaiKhoan": "18/03/2021",
        "PhuongThucMoTaiKhoan": 1,
        "NgayXacThucTaiQuay": "18/03/2021",
        "QuocTich": "Việt Nam"
    },
    {
        "Cif": "850703211700007",
        "SoID": "331474918",
        "LoaiID": 1,
        "TenKhachHang": "test26",
        "NgaySinh": "03/07/1985",
        "GioiTinh": 0,
        "MaSoThue": 8700638219,
        "SoDienThoaiDangKyDichVu": "0972581485",
        "DiaChi": "Addr test26",
        "DiaChiKiemSoatTruyCap": "Không thu thập được ",
        "MaSoNhanDangThietBiDiDong": "Không thu thập được ",
        "SoTaiKhoan": "132201100000111",
        "LoaiTaiKhoan": 1,
        "TrangThaiHoatDongTaiKhoan": 1,
        "NgayMoTaiKhoan": "10/04/2017",
        "PhuongThucMoTaiKhoan": 1,
        "NgayXacThucTaiQuay": "10/04/2017",
        "QuocTich": "Việt Nam"
    },
    {
        "Cif": "850830112100005",
        "SoID": "025027204",
        "LoaiID": 1,
        "TenKhachHang": "test27",
        "NgaySinh": "30/08/1985",
        "GioiTinh": 1,
        "SoDienThoaiDangKyDichVu": "0989989985",
        "DiaChi": "Addr test27",
        "DiaChiKiemSoatTruyCap": "Không thu thập được ",
        "MaSoNhanDangThietBiDiDong": "Không thu thập được ",
        "SoTaiKhoan": "132201100000229",
        "LoaiTaiKhoan": 1,
        "TrangThaiHoatDongTaiKhoan": 1,
        "NgayMoTaiKhoan": "12/05/2021",
        "PhuongThucMoTaiKhoan": 1,
        "NgayXacThucTaiQuay": "12/05/2021",
        "QuocTich": "Việt Nam"
    },
    {
        "Cif": "851207211900003",
        "SoID": "301147719",
        "LoaiID": 1,
        "TenKhachHang": "test28",
        "NgaySinh": "07/12/1985",
        "GioiTinh": 0,
        "MaSoThue": 8005950218,
        "SoDienThoaiDangKyDichVu": "0983580041",
        "DiaChi": "Addr test28",
        "DiaChiKiemSoatTruyCap": "Không thu thập được ",
        "MaSoNhanDangThietBiDiDong": "Không thu thập được ",
        "SoTaiKhoan": "132201100000172",
        "LoaiTaiKhoan": 1,
        "TrangThaiHoatDongTaiKhoan": 1,
        "NgayMoTaiKhoan": "18/04/2019",
        "PhuongThucMoTaiKhoan": 1,
        "NgayXacThucTaiQuay": "18/04/2019",
        "QuocTich": "Việt Nam"
    },
    {
        "Cif": "860309111800008",
        "SoID": "385368835",
        "LoaiID": 1,
        "TenKhachHang": "test29",
        "NgaySinh": "09/03/1986",
        "GioiTinh": 1,
        "MaSoThue": 8023791899,
        "SoDienThoaiDangKyDichVu": "0946369505",
        "DiaChi": "Addr test29",
        "DiaChiKiemSoatTruyCap": "Không thu thập được ",
        "MaSoNhanDangThietBiDiDong": "Không thu thập được ",
        "SoTaiKhoan": "132201100000130",
        "LoaiTaiKhoan": 1,
        "TrangThaiHoatDongTaiKhoan": 1,
        "NgayMoTaiKhoan": "26/02/2018",
        "PhuongThucMoTaiKhoan": 1,
        "NgayXacThucTaiQuay": "26/02/2018",
        "QuocTich": "Việt Nam"
    },
    {
        "Cif": "860309111800008",
        "SoID": "385368835",
        "LoaiID": 1,
        "TenKhachHang": "test30",
        "NgaySinh": "09/03/1986",
        "GioiTinh": 1,
        "MaSoThue": 8023791899,
        "SoDienThoaiDangKyDichVu": "0946369505",
        "DiaChi": "Addr test30",
        "DiaChiKiemSoatTruyCap": "Không thu thập được ",
        "MaSoNhanDangThietBiDiDong": "Không thu thập được ",
        "SoTaiKhoan": "132201201000153",
        "LoaiTaiKhoan": 2,
        "TrangThaiHoatDongTaiKhoan": 1,
        "NgayMoTaiKhoan": "26/02/2018",
        "PhuongThucMoTaiKhoan": 1,
        "NgayXacThucTaiQuay": "26/02/2018",
        "QuocTich": "Việt Nam"
    },
    {
        "Cif": "860720111600070",
        "SoID": "201749616",
        "LoaiID": 1,
        "TenKhachHang": "test31",
        "NgaySinh": "20/07/1986",
        "GioiTinh": 1,
        "SoDienThoaiDangKyDichVu": "0969872587",
        "DiaChi": "Addr test31",
        "DiaChiKiemSoatTruyCap": "Không thu thập được ",
        "MaSoNhanDangThietBiDiDong": "Không thu thập được ",
        "SoTaiKhoan": "132201100000069",
        "LoaiTaiKhoan": 1,
        "TrangThaiHoatDongTaiKhoan": 1,
        "NgayMoTaiKhoan": "27/10/2016",
        "PhuongThucMoTaiKhoan": 1,
        "NgayXacThucTaiQuay": "27/10/2016",
        "QuocTich": "Việt Nam"
    },
    {
        "Cif": "860720111600070",
        "SoID": "201749616",
        "LoaiID": 1,
        "TenKhachHang": "test32",
        "NgaySinh": "20/07/1986",
        "GioiTinh": 1,
        "SoDienThoaiDangKyDichVu": "0969872587",
        "DiaChi": "Addr test32",
        "DiaChiKiemSoatTruyCap": "Không thu thập được ",
        "MaSoNhanDangThietBiDiDong": "Không thu thập được ",
        "SoTaiKhoan": "132201201000069",
        "LoaiTaiKhoan": 2,
        "TrangThaiHoatDongTaiKhoan": 1,
        "NgayMoTaiKhoan": "27/10/2016",
        "PhuongThucMoTaiKhoan": 1,
        "NgayXacThucTaiQuay": "27/10/2016",
        "QuocTich": "Việt Nam"
    },
    {
        "Cif": "870114111700005",
        "SoID": "023989507",
        "LoaiID": 1,
        "TenKhachHang": "test33",
        "NgaySinh": "14/01/1987",
        "GioiTinh": 1,
        "MaSoThue": 8343223165,
        "SoDienThoaiDangKyDichVu": "0902782338",
        "DiaChi": "Addr test33",
        "DiaChiKiemSoatTruyCap": "Không thu thập được ",
        "MaSoNhanDangThietBiDiDong": "Không thu thập được ",
        "SoTaiKhoan": "132201201000108",
        "LoaiTaiKhoan": 2,
        "TrangThaiHoatDongTaiKhoan": 1,
        "NgayMoTaiKhoan": "06/02/2017",
        "PhuongThucMoTaiKhoan": 1,
        "NgayXacThucTaiQuay": "06/02/2017",
        "QuocTich": "Việt Nam"
    },
    {
        "Cif": "880402211800006",
        "SoID": "225343745",
        "LoaiID": 1,
        "TenKhachHang": "test34",
        "NgaySinh": "02/04/1988",
        "GioiTinh": 0,
        "MaSoThue": 8125886099,
        "SoDienThoaiDangKyDichVu": "0911516818",
        "DiaChi": "Addr test34",
        "DiaChiKiemSoatTruyCap": "Không thu thập được ",
        "MaSoNhanDangThietBiDiDong": "Không thu thập được ",
        "SoTaiKhoan": "132201100000146",
        "LoaiTaiKhoan": 1,
        "TrangThaiHoatDongTaiKhoan": 1,
        "NgayMoTaiKhoan": "03/08/2018",
        "PhuongThucMoTaiKhoan": 1,
        "NgayXacThucTaiQuay": "03/08/2018",
        "QuocTich": "Việt Nam"
    },
    {
        "Cif": "880402211800006",
        "SoID": "225343745",
        "LoaiID": 1,
        "TenKhachHang": "test35",
        "NgaySinh": "02/04/1988",
        "GioiTinh": 0,
        "MaSoThue": 8125886099,
        "SoDienThoaiDangKyDichVu": "0911516818",
        "DiaChi": "Addr test35",
        "DiaChiKiemSoatTruyCap": "Không thu thập được ",
        "MaSoNhanDangThietBiDiDong": "Không thu thập được ",
        "SoTaiKhoan": "132201201000174",
        "LoaiTaiKhoan": 2,
        "TrangThaiHoatDongTaiKhoan": 1,
        "NgayMoTaiKhoan": "03/08/2018",
        "PhuongThucMoTaiKhoan": 1,
        "NgayXacThucTaiQuay": "03/08/2018",
        "QuocTich": "Việt Nam"
    },
    {
        "Cif": "880619211800007",
        "SoID": "371176632",
        "LoaiID": 1,
        "TenKhachHang": "test36",
        "NgaySinh": "19/06/1988",
        "GioiTinh": 0,
        "MaSoThue": 8105550982,
        "SoDienThoaiDangKyDichVu": "0987536635",
        "DiaChi": "Addr test36",
        "DiaChiKiemSoatTruyCap": "Không thu thập được ",
        "MaSoNhanDangThietBiDiDong": "Không thu thập được ",
        "SoTaiKhoan": "132201100000148",
        "LoaiTaiKhoan": 1,
        "TrangThaiHoatDongTaiKhoan": 1,
        "NgayMoTaiKhoan": "11/09/2018",
        "PhuongThucMoTaiKhoan": 1,
        "NgayXacThucTaiQuay": "11/09/2018",
        "QuocTich": "Việt Nam"
    },
    {
        "Cif": "881217111800017",
        "SoID": "024620611",
        "LoaiID": 1,
        "TenKhachHang": "test37",
        "NgaySinh": "17/12/1988",
        "GioiTinh": 1,
        "SoDienThoaiDangKyDichVu": "0909561059",
        "DiaChi": "Addr test37",
        "DiaChiKiemSoatTruyCap": "Không thu thập được ",
        "MaSoNhanDangThietBiDiDong": "Không thu thập được ",
        "SoTaiKhoan": "132201100000139",
        "LoaiTaiKhoan": 1,
        "TrangThaiHoatDongTaiKhoan": 1,
        "NgayMoTaiKhoan": "24/05/2018",
        "PhuongThucMoTaiKhoan": 1,
        "NgayXacThucTaiQuay": "24/05/2018",
        "QuocTich": "Việt Nam"
    },
    {
        "Cif": "881217111800017",
        "SoID": "024620611",
        "LoaiID": 1,
        "TenKhachHang": "test38",
        "NgaySinh": "17/12/1988",
        "GioiTinh": 1,
        "SoDienThoaiDangKyDichVu": "0909561059",
        "DiaChi": "Addr test38",
        "DiaChiKiemSoatTruyCap": "Không thu thập được ",
        "MaSoNhanDangThietBiDiDong": "Không thu thập được ",
        "SoTaiKhoan": "132201201000165",
        "LoaiTaiKhoan": 2,
        "TrangThaiHoatDongTaiKhoan": 1,
        "NgayMoTaiKhoan": "24/05/2018",
        "PhuongThucMoTaiKhoan": 1,
        "NgayXacThucTaiQuay": "24/05/2018",
        "QuocTich": "Việt Nam"
    },
    {
        "Cif": "881217211600009",
        "SoID": "024126083",
        "LoaiID": 1,
        "TenKhachHang": "test39",
        "NgaySinh": "17/12/1988",
        "GioiTinh": 0,
        "MaSoThue": 8085863945,
        "SoDienThoaiDangKyDichVu": "0902993971",
        "DiaChi": "Addr test39",
        "DiaChiKiemSoatTruyCap": "Không thu thập được ",
        "MaSoNhanDangThietBiDiDong": "Không thu thập được ",
        "SoTaiKhoan": "132201100000011",
        "LoaiTaiKhoan": 1,
        "TrangThaiHoatDongTaiKhoan": 1,
        "NgayMoTaiKhoan": "24/08/2016",
        "PhuongThucMoTaiKhoan": 1,
        "NgayXacThucTaiQuay": "24/08/2016",
        "QuocTich": "Việt Nam"
    },
    {
        "Cif": "890113211800003",
        "SoID": "024838664",
        "LoaiID": 1,
        "TenKhachHang": "test40",
        "NgaySinh": "13/01/1989",
        "GioiTinh": 0,
        "SoDienThoaiDangKyDichVu": "0908691694",
        "DiaChi": "Addr test40",
        "DiaChiKiemSoatTruyCap": "Không thu thập được ",
        "MaSoNhanDangThietBiDiDong": "Không thu thập được ",
        "SoTaiKhoan": "132201100000134",
        "LoaiTaiKhoan": 1,
        "TrangThaiHoatDongTaiKhoan": 1,
        "NgayMoTaiKhoan": "09/04/2018",
        "PhuongThucMoTaiKhoan": 1,
        "NgayXacThucTaiQuay": "09/04/2018",
        "QuocTich": "Việt Nam"
    }
]